DROP TABLE IF EXISTS "addresses";
CREATE TABLE "addresses" ("id" INTEGER PRIMARY KEY AUTOINCREMENT NOT NULL, "street" varchar(255), "name" varchar(255), "number" integer, "zone" varchar(255), "city" varchar(255), "country" varchar(255), "zip" integer, "latitude" float, "longitude" float, "nickname" varchar(255), "client_id" integer, "created_at" datetime, "updated_at" datetime);
INSERT INTO "addresses" VALUES(5,'Rio Paragua','Parque Prado',3,'Concresa','Caracas','Venezuela',1023,10.4493563318414,-66.8719526074219,'Mi Casa',11,'2011-05-12 01:59:43','2011-05-12 01:59:43');
INSERT INTO "addresses" VALUES(6,'Av. Alameda','Edf Rosal Park',7,'El Rosal','Caracas','Venezuela',1060,10.4881812322153,-66.8607087872315,'Mi Casa',12,'2011-05-12 05:05:42','2011-05-12 05:11:45');
INSERT INTO "addresses" VALUES(7,'2da Avenida','Res. Maury',4,'Los Palos Grandes','Caracas','Venezuela',1032,10.5002655444348,-66.8444546006012,'Abuelos',12,'2011-05-12 05:11:22','2011-05-12 05:11:22');
INSERT INTO "addresses" VALUES(8,'Calle 1','San Jorge',2,'Concresa','Caracas','Venezuela',1080,10.450960065226,-66.8726392529297,'Casa 2',11,'2011-05-12 08:10:09','2011-05-12 08:10:09');
INSERT INTO "addresses" VALUES(9,'Paez','Zulia',15,'El Paraiso','Caracas','Venezuela',1020,10.4846365517655,-66.9348665020752,'Casa',13,'2011-05-12 13:20:42','2011-05-12 13:20:42');
INSERT INTO "addresses" VALUES(10,'Intercomunal de Montalban','Carolina',4,'Montalban','Caracas','Venezuela',1020,10.4713436387362,-66.9630189678956,'Casa Abuela',13,'2011-05-12 14:26:03','2011-05-12 14:26:03');
INSERT INTO "addresses" VALUES(11,'Paez','Amapola',6,'Paraiso','Caracas','Venezuela',1020,10.4897425666777,-66.9185157559205,'Casa Tia',13,'2011-05-12 14:27:46','2011-05-12 14:27:46');
DROP TABLE IF EXISTS "clients";
CREATE TABLE "clients" ("id" INTEGER PRIMARY KEY AUTOINCREMENT NOT NULL, "account" varchar(255), "firstname" varchar(255), "middlename" varchar(255), "lastname" varchar(255), "surname" varchar(255), "birthday" date, "phone" integer, "created_at" datetime, "updated_at" datetime, "active" integer);
INSERT INTO "clients" VALUES(11,'cotufa9@gmail.com','Ramses','','Velasquez','','1988-05-12',4245067893,'2011-05-12 01:59:43','2011-05-12 01:59:43',1);
INSERT INTO "clients" VALUES(12,'venezuelanpride23@gmail.com','Ignacio','Eduardo','Cardenas','Lares','1990-07-23',4122838406,'2011-05-12 05:05:42','2011-05-12 05:05:42',1);
INSERT INTO "clients" VALUES(13,'leonardof25@gmail.com','Leonardo','A','Fraile','R','1989-01-25',4142542019,'2011-05-12 13:20:42','2011-05-12 14:36:30',1);
DROP TABLE IF EXISTS "creditcards";
CREATE TABLE "creditcards" ("id" INTEGER PRIMARY KEY AUTOINCREMENT NOT NULL, "number" integer, "expdate" date, "code" integer, "name" varchar(255), "client_id" integer, "created_at" datetime, "updated_at" datetime);
INSERT INTO "creditcards" VALUES(5,3458230482390482,'2011-07-01',232,'Ramses Velasquez',11,'2011-05-12 01:59:43','2011-05-12 01:59:43');
INSERT INTO "creditcards" VALUES(6,2347328478394722,'2015-01-01',231,'Ignacio Cardenas',12,'2011-05-12 05:05:42','2011-05-12 05:05:42');
INSERT INTO "creditcards" VALUES(7,1608239224035303,'2011-12-01',323,'Ignacio E. Cardenas L.',12,'2011-05-12 05:13:01','2011-05-12 05:13:01');
INSERT INTO "creditcards" VALUES(8,9709706090709708,'2013-05-01',898,'Ramses Velasquez',11,'2011-05-12 08:08:01','2011-05-12 08:08:01');
INSERT INTO "creditcards" VALUES(9,6863413541313213,'2013-08-01',870,'Leonardo A Fraile R',13,'2011-05-12 13:20:42','2011-05-12 13:20:42');
INSERT INTO "creditcards" VALUES(10,5465413218765431,'2015-06-01',456,'Leonardo A Fraile R',13,'2011-05-12 14:28:43','2011-05-12 14:28:43');
DROP TABLE IF EXISTS "employees";
CREATE TABLE "employees" ("id" INTEGER PRIMARY KEY AUTOINCREMENT NOT NULL, "account" varchar(255), "password" varchar(255), "name" varchar(255), "lastname" varchar(255), "role" integer, "created_at" datetime, "updated_at" datetime);
DROP TABLE IF EXISTS "orders";
CREATE TABLE "orders" ("id" INTEGER PRIMARY KEY AUTOINCREMENT NOT NULL, "date" datetime, "recipient" varchar(255), "fulladdress" varchar(255), "longitude" float, "latitude" float, "status" integer, "collectiondate" datetime, "deliverydate" datetime, "address_id" integer, "client_id" integer, "creditcard_id" integer, "created_at" datetime, "updated_at" datetime);
INSERT INTO "orders" VALUES(4,NULL,'Juan Rodrigues','Calle la Piramide Edf. Giraluna Apto. 3-A La Miranda, Caracas, Venezuela',-66.7711659214783,10.4907975179361,0,NULL,NULL,6,12,6,'2011-05-12 05:20:24','2011-05-12 05:20:24');
INSERT INTO "orders" VALUES(5,NULL,'Carlos Lares','Calle 1 Res Parque Alegre Apto 34, El Cigarral, Caracas, Venezuela',-66.8392940304566,10.4318413364978,0,NULL,NULL,7,12,7,'2011-05-12 05:35:56','2011-05-12 05:35:56');
INSERT INTO "orders" VALUES(6,NULL,'Marco Velasquez','Montalban III edf Paez piso 2 apt 2',-66.9612165234375,10.4713014381042,0,NULL,NULL,5,11,8,'2011-05-12 08:13:40','2011-05-12 08:13:40');
INSERT INTO "orders" VALUES(7,NULL,'Carlos Sierra','Las Mercedes, calle madrid edf Olivares oficina 1, Caracas Venezuela',-66.8571038983155,10.4832017886163,0,NULL,NULL,5,11,5,'2011-05-12 08:18:24','2011-05-12 08:18:24');
INSERT INTO "orders" VALUES(8,NULL,'Vanesa Rengifo','Universidad Catolica Andres Bello',-66.9758077404786,10.4631144068753,0,NULL,NULL,11,13,10,'2011-05-12 14:30:41','2011-05-12 14:30:41');
INSERT INTO "orders" VALUES(9,NULL,'Pedro Perez','Colegio de Ingenieros',-66.8924661419678,10.5013468326374,0,NULL,NULL,9,13,9,'2011-05-12 14:36:09','2011-05-12 14:36:09');
DROP TABLE IF EXISTS "packages";
CREATE TABLE "packages" ("id" INTEGER PRIMARY KEY AUTOINCREMENT NOT NULL, "description" varchar(255), "weight" float, "price" float, "order_id" integer, "created_at" datetime, "updated_at" datetime);
INSERT INTO "packages" VALUES(5,'Kit del Caracas FC',3,15,4,'2011-05-12 05:20:24','2011-05-12 05:20:24');
INSERT INTO "packages" VALUES(6,'Kit del Real Madrid',5,25,4,'2011-05-12 05:20:24','2011-05-12 05:20:24');
INSERT INTO "packages" VALUES(7,'Nevera',20,100,5,'2011-05-12 05:35:56','2011-05-12 05:35:56');
INSERT INTO "packages" VALUES(8,'Microondas',5,25,5,'2011-05-12 05:35:56','2011-05-12 05:35:56');
INSERT INTO "packages" VALUES(9,'Televisor',35,175,5,'2011-05-12 05:35:56','2011-05-12 05:35:56');
INSERT INTO "packages" VALUES(10,'Documentos Legales',0.5,2.5,6,'2011-05-12 08:13:40','2011-05-12 08:13:40');
INSERT INTO "packages" VALUES(11,'Repuesto Carro',5,25,6,'2011-05-12 08:13:40','2011-05-12 08:13:40');
INSERT INTO "packages" VALUES(12,'Suminstros Oficina',7,35,7,'2011-05-12 08:18:24','2011-05-12 08:18:24');
INSERT INTO "packages" VALUES(13,'Trabajo de Grado',1,5,8,'2011-05-12 14:30:41','2011-05-12 14:30:41');
INSERT INTO "packages" VALUES(14,'Laptop',7,35,9,'2011-05-12 14:36:09','2011-05-12 14:36:09');
DROP TABLE IF EXISTS "schema_migrations";
CREATE TABLE "schema_migrations" ("version" varchar(255) NOT NULL);
INSERT INTO "schema_migrations" VALUES('20110415140559');
INSERT INTO "schema_migrations" VALUES('20110415170626');
INSERT INTO "schema_migrations" VALUES('20110415140832');
INSERT INTO "schema_migrations" VALUES('20110415142002');
INSERT INTO "schema_migrations" VALUES('20110415143937');
INSERT INTO "schema_migrations" VALUES('20110415145141');
INSERT INTO "schema_migrations" VALUES('20110416182605');
INSERT INTO "schema_migrations" VALUES('20110506160314');
CREATE UNIQUE INDEX "unique_schema_migrations" ON "schema_migrations" ("version");
